;nome;link;preco
0;Apple iPhone 16 Plus 256GB - Ultramarino;https://www.casasbahia.com.br/apple-iphone-16-plus-256gb-ultramarino/p/55067454;10299.00
1;Apple iPhone 16 Plus 256GB - Rosa;https://www.casasbahia.com.br/apple-iphone-16-plus-256gb-rosa/p/55067453;10299.00
2;Apple iPhone 15 128GB - Preto;https://www.casasbahia.com.br/apple-iphone-15-128gb-preto/p/55065306;5221.11
3;Apple iPhone 13 128GB - Rosa;https://www.casasbahia.com.br/apple-iphone-13-128gb-rosa/p/55048760;3943.33
4;Apple iPhone 12 128GB - Preto;https://www.casasbahia.com.br/apple-iphone-12-128gb-preto/p/55029405;3332.22
5;Apple iPhone 15 Pro 128GB - Titânio Natural;https://www.casasbahia.com.br/apple-iphone-15-pro-128gb-titanio-natural/p/55064585;7665.56
6;Apple iPhone 14 Pro 512GB - Roxo Profundo;https://www.casasbahia.com.br/apple-iphone-14-pro-512gb-roxo-profundo/p/55054472;8839.89
7;Usado: iPhone 11 128GB Preto Bom - Trocafone;https://www.casasbahia.com.br/usado-iphone-11-128gb-preto-bom-trocafone/p/1555639935;2009.00
8;Apple iPhone 13 256GB - Rosa;https://www.casasbahia.com.br/apple-iphone-13-256gb-rosa/p/55048764;4665.56
9;Apple iPhone 15 256GB - Verde;https://www.casasbahia.com.br/apple-iphone-15-256gb-verde/p/55065315;5776.67
10;Usado: iPhone 11 64GB Preto Bom - Trocafone;https://www.casasbahia.com.br/usado-iphone-11-64gb-preto-bom-trocafone/p/1529597236;1829.00
11;Apple iPhone 14 Pro Max 512GB Prateado;https://www.casasbahia.com.br/apple-iphone-14-pro-max-512gb-prateado/p/55054424;9443.33
12;Usado: iPhone 11 64GB Preto Muito Bom - Trocafone;https://www.casasbahia.com.br/usado-iphone-11-64gb-preto-muito-bom-trocafone/p/1555684045;1949.00
13;Usado: iPhone 11 128GB Branco Muito Bom - Trocafone;https://www.casasbahia.com.br/usado-iphone-11-128gb-branco-muito-bom-trocafone/p/1557744086;2199.00
14;Apple iPhone 15 Pro 128GB - Titânio Azul;https://www.casasbahia.com.br/apple-iphone-15-pro-128gb-titanio-azul/p/55064586;7499.00
15;Apple iPhone 14 Pro 512GB Prateado;https://www.casasbahia.com.br/apple-iphone-14-pro-512gb-prateado/p/55054470;8776.67
16;Apple iPhone 16 Plus 256GB - Branco;https://www.casasbahia.com.br/apple-iphone-16-plus-256gb-branco/p/55067452;10299.00
17;Usado: iPhone 12 128GB Preto Bom - Trocafone;https://www.casasbahia.com.br/usado-iphone-12-128gb-preto-bom-trocafone/p/1558397405;2749.00
18;Usado: iPhone XR 64GB Preto Bom - Trocafone;https://www.casasbahia.com.br/usado-iphone-xr-64gb-preto-bom-trocafone/p/1519390793;1359.00
19;Apple iPhone 14 Pro Max 512GB Preto Espacial;https://www.casasbahia.com.br/apple-iphone-14-pro-max-512gb-preto-espacial/p/55054423;9443.33
20;Apple iPhone 15 Pro Max 512GB - Titânio Preto;https://www.casasbahia.com.br/apple-iphone-15-pro-max-512gb-titanio-preto/p/55064635;Preço não disponível
21;Apple iPhone 15 Plus 128GB - Rosa;https://www.casasbahia.com.br/apple-iphone-15-plus-128gb-rosa/p/55064617;7221.11
22;Apple iPhone 14 Pro 1TB Roxo-profundo;https://www.casasbahia.com.br/apple-iphone-14-pro-1tb-roxo-profundo/p/55054476;9665.56
23;Apple iPhone 14 Pro 512GB Dourado;https://www.casasbahia.com.br/apple-iphone-14-pro-512gb-dourado/p/55054471;8895.44
24;iPhone 11 Apple 128GB Branco Tela de 6,1”, Câmera Dupla de 12MP, iOS;https://www.casasbahia.com.br/iphone-11-apple-128gb-branco-tela-de-61-camera-dupla-de-12mp-ios/p/55014771;5527.90
25;Apple iPhone 15 Plus 128GB - Azul;https://www.casasbahia.com.br/apple-iphone-15-plus-128gb-azul/p/55064619;6887.78
26;Apple iPhone 14 Plus 128GB - Meia-noite;https://www.casasbahia.com.br/apple-iphone-14-plus-128gb-meia-noite/p/55054431;6355.90
27;Apple iPhone 14 Plus 512GB - Roxo;https://www.casasbahia.com.br/apple-iphone-14-plus-512gb-roxo/p/55064259;6243.33
28;Usado: iPhone 11 64GB Branco Bom - Trocafone;https://www.casasbahia.com.br/usado-iphone-11-64gb-branco-bom-trocafone/p/1557738774;1829.00
29;Apple iPhone 14 Pro 1TB Preto Espacial;https://www.casasbahia.com.br/apple-iphone-14-pro-1tb-preto-espacial/p/55054473;9221.11
30;Usado: iPhone 13  PRO 128GB Grafite Muito Bom - Trocafone;https://www.casasbahia.com.br/usado-iphone-13-pro-128gb-grafite-muito-bom-trocafone/p/1563279851;4569.00
31;iPhone 12 Pro Apple 256GB Azul-Pacífico Tela de 6,1”, Câmera Tripla de 12MP, iOS;https://www.casasbahia.com.br/iphone-12-pro-apple-256gb-azul-pacifico-tela-de-61-camera-tripla-de-12mp-ios/p/55014550;8575.90
32;Apple iPhone 14 Pro 512GB Preto-espacial;https://www.casasbahia.com.br/apple-iphone-14-pro-512gb-preto-espacial/p/55054469;8776.67
33;Apple iPhone 15 Plus 128GB - Preto;https://www.casasbahia.com.br/apple-iphone-15-plus-128gb-preto/p/55064616;7221.11
34;Apple iPhone 14 Pro 1TB - Dourado;https://www.casasbahia.com.br/apple-iphone-14-pro-1tb-dourado/p/55054475;9221.11
35;Usado: iPhone 8 64GB Cinza Espacial Bom - Trocafone;https://www.casasbahia.com.br/usado-iphone-8-64gb-cinza-espacial-bom-trocafone/p/1517876200;779.00
36;Usado: iPhone 11 128GB Preto Muito Bom - Trocafone;https://www.casasbahia.com.br/usado-iphone-11-128gb-preto-muito-bom-trocafone/p/1555637740;2139.00
37;Apple iPhone 15 256GB - Amarelo;https://www.casasbahia.com.br/apple-iphone-15-256gb-amarelo/p/55065313;5779.00
38;Usado: iPhone 13 128GB Meia Noite Bom - Trocafone;https://www.casasbahia.com.br/usado-iphone-13-128gb-meia-noite-bom-trocafone/p/1566884332;3339.00
39;Usado: iPhone 12 Pro 128GB Grafite Bom - Trocafone;https://www.casasbahia.com.br/usado-iphone-12-pro-128gb-grafite-bom-trocafone/p/1562259799;3519.00
40;Usado: iPhone 11 64GB Branco Muito Bom - Trocafone;https://www.casasbahia.com.br/usado-iphone-11-64gb-branco-muito-bom-trocafone/p/1557741193;2009.00
41;Usado: iPhone X 256GB Cinza Espacial Bom - Trocafone;https://www.casasbahia.com.br/usado-iphone-x-256gb-cinza-espacial-bom-trocafone/p/1517875455;1179.00
42;Usado: iPhone 12 64GB Azul Bom - Trocafone;https://www.casasbahia.com.br/usado-iphone-12-64gb-azul-bom-trocafone/p/1561598215;2569.00
43;Apple iPhone 12 256GB - Branco;https://www.casasbahia.com.br/apple-iphone-12-256gb-branco/p/55029411;3998.89
44;Usado: iPhone XR 128GB Branco Muito Bom - Trocafone;https://www.casasbahia.com.br/usado-iphone-xr-128gb-branco-muito-bom-trocafone/p/1517875382;1639.00
45;iPhone 14 256GB Azul;https://www.casasbahia.com.br/iphone-14-256gb-azul/p/1563067525;5999.00
46;Usado: iPhone 8 64GB Dourado Muito Bom - Trocafone;https://www.casasbahia.com.br/usado-iphone-8-64gb-dourado-muito-bom-trocafone/p/1517535092;829.00
47;Apple iPhone 15 Plus 256 GB - Preto;https://www.casasbahia.com.br/apple-iphone-15-plus-256-gb-preto/p/55064621;8506.56
48;Apple iPhone 14 Plus 512GB - Estelar;https://www.casasbahia.com.br/apple-iphone-14-plus-512gb-estelar/p/55064258;6855.44
49;Apple iPhone 14 256GB (PRODUCT)RED;https://www.casasbahia.com.br/apple-iphone-14-256gb-product-red/p/55054454;5332.22
50;Usado: Iphone 13 Mini 128GB Azul Muito Bom - Trocafone;https://www.casasbahia.com.br/usado-iphone-13-mini-128gb-azul-muito-bom-trocafone/p/1562615876;3259.00
51;Usado: iPhone XR 64GB Branco Bom - Trocafone;https://www.casasbahia.com.br/usado-iphone-xr-64gb-branco-bom-trocafone/p/1519465889;1359.00
52;Usado: iPhone 11 64GB Vermelho Muito Bom - Trocafone;https://www.casasbahia.com.br/usado-iphone-11-64gb-vermelho-muito-bom-trocafone/p/1561970290;1949.00
53;Usado: iPhone 11 128GB Preto Excelente - Trocafone;https://www.casasbahia.com.br/usado-iphone-11-128gb-preto-excelente-trocafone/p/1555637707;2249.00
54;Usado: iPhone 11 128GB Branco Bom - Trocafone;https://www.casasbahia.com.br/usado-iphone-11-128gb-branco-bom-trocafone/p/1557744868;2069.00
55;Usado: iPhone 11 256GB Preto Bom - Trocafone;https://www.casasbahia.com.br/usado-iphone-11-256gb-preto-bom-trocafone/p/1555650520;2299.00
56;Usado: iPhone 11 128GB Branco Excelente - Trocafone;https://www.casasbahia.com.br/usado-iphone-11-128gb-branco-excelente-trocafone/p/1557756932;2249.00
57;Apple iPhone 15 Plus 256GB - Azul;https://www.casasbahia.com.br/apple-iphone-15-plus-256gb-azul/p/55064624;9017.67
58;Usado: iPhone 11 64GB Vermelho Bom - Trocafone;https://www.casasbahia.com.br/usado-iphone-11-64gb-vermelho-bom-trocafone/p/1557749447;1829.00
59;Usado: iPhone 12 128GB Preto Muito Bom - Trocafone;https://www.casasbahia.com.br/usado-iphone-12-128gb-preto-muito-bom-trocafone/p/1561966748;2929.00
60;Usado: iPhone 8 Plus 64GB Dourado Muito Bom - Trocafone;https://www.casasbahia.com.br/usado-iphone-8-plus-64gb-dourado-muito-bom-trocafone/p/1517875612;1039.00
61;Apple iPhone 14 Plus 512GB - Meia-noite;https://www.casasbahia.com.br/apple-iphone-14-plus-512gb-meia-noite/p/55064257;6411.00
62;Apple iPhone 15 Plus 128GB - Verde;https://www.casasbahia.com.br/apple-iphone-15-plus-128gb-verde/p/55064620;6887.78
63;Usado: iPhone XR 128GB Preto Muito Bom - Trocafone;https://www.casasbahia.com.br/usado-iphone-xr-128gb-preto-muito-bom-trocafone/p/1517874071;1609.00
64;Apple iPhone 15 Pro Max 512GB - Titânio Branco;https://www.casasbahia.com.br/apple-iphone-15-pro-max-512gb-titanio-branco/p/55064636;10998.89
65;Apple iPhone 14 256GB - Amarelo;https://www.casasbahia.com.br/apple-iphone-14-256gb-amarelo/p/55059752;5332.22
66;"iPhone 15 Pro Apple (256GB) Titânio Natural, Tela de 6,1"", 5G e Câmera de 48MP";https://www.casasbahia.com.br/iphone-15-pro-apple-256gb-titanio-natural-tela-de-61-quot-5g-e-camera-de-48mp/p/1563985401;8999.00
67;Usado: iPhone 12 Pro Max 128GB Grafite Muito Bom - Trocafone;https://www.casasbahia.com.br/usado-iphone-12-pro-max-128gb-grafite-muito-bom-trocafone/p/1562259815;4189.00
68;Usado: iPhone XR 64GB Branco Muito Bom - Trocafone;https://www.casasbahia.com.br/usado-iphone-xr-64gb-branco-muito-bom-trocafone/p/1519699674;1449.00
69;"iPhone 13 Apple (128GB) Estelar, Tela de 6,1"", 5G e Câmera Dupla de 12MP";https://www.casasbahia.com.br/iphone-13-apple-128gb-estelar-tela-de-61-quot-5g-e-camera-dupla-de-12mp/p/1536000816;4849.74
70;Usado: iPhone 13 128GB Meia Noite Muito Bom - Trocafone;https://www.casasbahia.com.br/usado-iphone-13-128gb-meia-noite-muito-bom-trocafone/p/1566773795;3549.00
71;Usado: iPhone XR 128GB Branco Bom - Trocafone;https://www.casasbahia.com.br/usado-iphone-xr-128gb-branco-bom-trocafone/p/1517874857;1509.00
72;Usado: iPhone XR 64GB Branco Excelente - Trocafone;https://www.casasbahia.com.br/usado-iphone-xr-64gb-branco-excelente-trocafone/p/1532867436;1529.00
73;Usado: iPhone 12 128GB Azul Bom - Trocafone;https://www.casasbahia.com.br/usado-iphone-12-128gb-azul-bom-trocafone/p/1560060636;2829.00
74;Usado: iPhone 12 Pro 128GB Grafite Muito Bom - Trocafone;https://www.casasbahia.com.br/usado-iphone-12-pro-128gb-grafite-muito-bom-trocafone/p/1560061008;3819.00
75;Usado: iPhone 11 Pro Max 256GB Dourado Excelente - Trocafone;https://www.casasbahia.com.br/usado-iphone-11-pro-max-256gb-dourado-excelente-trocafone/p/1524305150;3219.00
76;Apple iPhone 16 128GB - Branco;https://www.casasbahia.com.br/apple-iphone-16-128gb-branco/p/55067462;7799.00
77;Apple iPhone 16 128GB - Preto;https://www.casasbahia.com.br/apple-iphone-16-128gb-preto/p/55067461;7799.00
78;Usado: iPhone 11 Pro Max 256GB Verde Meia-Noite Bom - Trocafone;https://www.casasbahia.com.br/usado-iphone-11-pro-max-256gb-verde-meia-noite-bom-trocafone/p/1529598440;2929.00
79;"iPhone 15 Pro Apple (256GB) Titânio Azul, Tela de 6,1"", 5G e Câmera de 48MP";https://www.casasbahia.com.br/iphone-15-pro-apple-256gb-titanio-azul-tela-de-61-quot-5g-e-camera-de-48mp/p/1564071550;8999.00
80;Apple iPhone 14 512GB (PRODUCT)RED;https://www.casasbahia.com.br/apple-iphone-14-512gb-product-red/p/55054459;6722.21
81;"iPhone 14 Plus Apple (128GB) Roxo, Tela de 6,7"", 5G e Câmera de 12MP";https://www.casasbahia.com.br/iphone-14-plus-apple-128gb-roxo-tela-de-67-quot-5g-e-camera-de-12mp/p/1564118522;5643.54
82;Apple iPhone 12 256GB - Preto;https://www.casasbahia.com.br/apple-iphone-12-256gb-preto/p/55029410;3998.89
83;Usado: iPhone 8 Plus 64GB Cinza Espacial Bom - Trocafone;https://www.casasbahia.com.br/usado-iphone-8-plus-64gb-cinza-espacial-bom-trocafone/p/1517876459;979.00
84;Apple iPhone 16 Plus 256GB - Preto;https://www.casasbahia.com.br/apple-iphone-16-plus-256gb-preto/p/55067451;10299.00
85;Apple iPhone 16 Plus 256GB - Rosa;https://www.casasbahia.com.br/apple-iphone-16-plus-256gb-rosa/p/55067453;10299.00
86;Apple iPhone 14 512GB - Roxo;https://www.casasbahia.com.br/apple-iphone-14-512gb-roxo/p/55054458;7534.90
87;Usado: iPhone 13 128GB Azul Bom - Trocafone;https://www.casasbahia.com.br/usado-iphone-13-128gb-azul-bom-trocafone/p/1568164028;3339.00
88;Usado: iPhone 12 Pro 256GB Grafite Muito Bom - Trocafone;https://www.casasbahia.com.br/usado-iphone-12-pro-256gb-grafite-muito-bom-trocafone/p/1562607684;4109.00
89;"iPhone 15 Apple (128GB) Azul, Tela de 6,1"", 5G e Câmera de 48 MP";https://www.casasbahia.com.br/iphone-15-apple-128gb-azul-tela-de-61-quot-5g-e-camera-de-48-mp/p/1566651158;4978.00
90;"iPhone 15 Apple (128GB) Preto, Tela de 6,1"", 5G e Câmera de 48 MP";https://www.casasbahia.com.br/iphone-15-apple-128gb-preto-tela-de-61-quot-5g-e-camera-de-48-mp/p/1564071532;5049.00
91;Usado: iPhone 11 64GB Roxo Muito Bom - Trocafone;https://www.casasbahia.com.br/usado-iphone-11-64gb-roxo-muito-bom-trocafone/p/1557771942;1949.00
92;iPhone 14 256GB Meia-noite;https://www.casasbahia.com.br/iphone-14-256gb-meia-noite/p/1563052696;8999.00
93;"iPhone 15 Pro Max Apple (512GB) Titânio Natural, Tela de 6,7"", 5G e Câmera de 48MP";https://www.casasbahia.com.br/iphone-15-pro-max-apple-512gb-titanio-natural-tela-de-67-quot-5g-e-camera-de-48mp/p/1564071492;13366.19
94;Usado: iPhone X 256GB Prateado Muito Bom - Trocafone;https://www.casasbahia.com.br/usado-iphone-x-256gb-prateado-muito-bom-trocafone/p/1519392622;1259.00
95;Usado: iPhone 11 256GB Preto Muito Bom - Trocafone;https://www.casasbahia.com.br/usado-iphone-11-256gb-preto-muito-bom-trocafone/p/1555686365;2369.00
96;Usado: iPhone XR 64GB Preto Muito Bom - Trocafone;https://www.casasbahia.com.br/usado-iphone-xr-64gb-preto-muito-bom-trocafone/p/1519387531;1449.00
97;Apple iPhone 14 Plus 512GB (PRODUCT)RED;https://www.casasbahia.com.br/apple-iphone-14-plus-512gb-product-red/p/55064260;6398.89
98;Usado: iPhone 7 Plus 128GB Dourado Muito Bom - Trocafone;https://www.casasbahia.com.br/usado-iphone-7-plus-128gb-dourado-muito-bom-trocafone/p/1517874534;969.00
99;Usado: iPhone 8 256GB Dourado Muito Bom - Trocafone;https://www.casasbahia.com.br/usado-iphone-8-256gb-dourado-muito-bom-trocafone/p/1519465667;1069.00
100;Usado: iPhone 12 64GB Preto Bom - Trocafone;https://www.casasbahia.com.br/usado-iphone-12-64gb-preto-bom-trocafone/p/1560060485;2649.00
101;Usado: iPhone 8 64GB Cinza Espacial Muito Bom - Trocafone;https://www.casasbahia.com.br/usado-iphone-8-64gb-cinza-espacial-muito-bom-trocafone/p/1517527176;829.00
102;Apple iPhone 14 512GB - Estelar;https://www.casasbahia.com.br/apple-iphone-14-512gb-estelar/p/55054457;7472.90
103;Usado: iPhone 12 64GB Preto Muito Bom - Trocafone;https://www.casasbahia.com.br/usado-iphone-12-64gb-preto-muito-bom-trocafone/p/1562258625;2819.00
104;Usado: iPhone XR 128GB Vermelho Bom - Trocafone;https://www.casasbahia.com.br/usado-iphone-xr-128gb-vermelho-bom-trocafone/p/1529600698;1509.00
105;Apple iPhone 11 64GB - Preto;https://www.casasbahia.com.br/apple-iphone-11-64gb-preto/p/55014764;3446.90
106;Usado: iPhone 8 Plus 64GB Dourado Bom - Trocafone;https://www.casasbahia.com.br/usado-iphone-8-plus-64gb-dourado-bom-trocafone/p/1517874311;949.00
107;Usado: iPhone XS 256GB Dourado Muito Bom - Trocafone;https://www.casasbahia.com.br/usado-iphone-xs-256gb-dourado-muito-bom-trocafone/p/1519390269;Preço não disponível
108;Usado: iPhone 12 128GB Branco Bom - Trocafone;https://www.casasbahia.com.br/usado-iphone-12-128gb-branco-bom-trocafone/p/1561610762;2829.00
109;Usado: iPhone 12 64GB Branco Excelente - Trocafone;https://www.casasbahia.com.br/usado-iphone-12-64gb-branco-excelente-trocafone/p/1561610772;2969.00
110;Usado: iPhone 12 128GB Branco Excelente - Trocafone;https://www.casasbahia.com.br/usado-iphone-12-128gb-branco-excelente-trocafone/p/1562258684;3179.00
111;Apple iPhone 16 Plus 128GB - Verde-acinzentado;https://www.casasbahia.com.br/apple-iphone-16-plus-128gb-verde-acinzentado/p/55067450;9499.00
112;"iPhone 15 Apple (256GB) Preto, Tela de 6,1"", 5G e Câmera de 48 MP";https://www.casasbahia.com.br/iphone-15-apple-256gb-preto-tela-de-61-quot-5g-e-camera-de-48-mp/p/1564071554;7205.94
113;Apple iPhone 16 Plus 256GB - Branco;https://www.casasbahia.com.br/apple-iphone-16-plus-256gb-branco/p/55067452;10299.00
114;Usado: iPhone XR 64GB Vermelho Bom - Trocafone;https://www.casasbahia.com.br/usado-iphone-xr-64gb-vermelho-bom-trocafone/p/1517874337;1359.00
115;Usado: iPhone 8 64GB Prateado Muito Bom - Trocafone;https://www.casasbahia.com.br/usado-iphone-8-64gb-prateado-muito-bom-trocafone/p/1517876219;829.00
116;Apple iPhone 14 512GB - Meia-noite;https://www.casasbahia.com.br/apple-iphone-14-512gb-meia-noite/p/55054456;8588.78
117;Apple iPhone 16 Plus 256GB - Ultramarino;https://www.casasbahia.com.br/apple-iphone-16-plus-256gb-ultramarino/p/55067454;10299.00
118;Usado: iPhone 11 128GB Vermelho Bom - Trocafone;https://www.casasbahia.com.br/usado-iphone-11-128gb-vermelho-bom-trocafone/p/1557771154;2109.00
119;Usado: iPhone 7 128GB Dourado Bom - Trocafone;https://www.casasbahia.com.br/usado-iphone-7-128gb-dourado-bom-trocafone/p/1517876060;709.00
120;"iPhone 14 Apple (128GB) Estelar, Tela de 6,1"", 5G e Câmera de 12MP";https://www.casasbahia.com.br/iphone-14-apple-128gb-estelar-tela-de-61-quot-5g-e-camera-de-12mp/p/1563976418;5378.94
121;"iPhone 14 Plus Apple (128GB) Estelar, Tela de 6,7"", 5G e Câmera de 12MP";https://www.casasbahia.com.br/iphone-14-plus-apple-128gb-estelar-tela-de-67-quot-5g-e-camera-de-12mp/p/1568654418;5643.54
122;Usado: iPhone 11 128GB Vermelho Muito Bom - Trocafone;https://www.casasbahia.com.br/usado-iphone-11-128gb-vermelho-muito-bom-trocafone/p/1558302913;2139.00
123;Usado: iPhone 11 256GB Vermelho Muito Bom - Trocafone;https://www.casasbahia.com.br/usado-iphone-11-256gb-vermelho-muito-bom-trocafone/p/1562259335;2439.00
124;Usado: iPhone 11 64GB Branco Excelente - Trocafone;https://www.casasbahia.com.br/usado-iphone-11-64gb-branco-excelente-trocafone/p/1557741416;2149.00
125;Apple iPhone 16 Plus 256GB - Verde-acinzentado;https://www.casasbahia.com.br/apple-iphone-16-plus-256gb-verde-acinzentado/p/55067455;10299.00
126;Usado: iPhone 12 Pro 256GB Prateado Muito Bom - Trocafone;https://www.casasbahia.com.br/usado-iphone-12-pro-256gb-prateado-muito-bom-trocafone/p/1562613790;4109.00
127;Usado: iPhone 12 256GB Preto Bom - Trocafone;https://www.casasbahia.com.br/usado-iphone-12-256gb-preto-bom-trocafone/p/1563025291;2999.00
128;Usado: iPhone 11 64GB Preto Excelente - Trocafone;https://www.casasbahia.com.br/usado-iphone-11-64gb-preto-excelente-trocafone/p/1530379542;2149.00
129;"iPhone 15 Pro Max Apple (512GB) Titânio Azul, Tela de 6,7"", 5G e Câmera de 48MP";https://www.casasbahia.com.br/iphone-15-pro-max-apple-512gb-titanio-azul-tela-de-67-quot-5g-e-camera-de-48mp/p/1564071539;13366.19
130;Usado: iPhone 13 PRO Max 256GB Grafite Muito Bom - Trocafone;https://www.casasbahia.com.br/usado-iphone-13-pro-max-256gb-grafite-muito-bom-trocafone/p/1562258595;5519.00
131;Usado: iPhone 11 256GB Branco Muito Bom - Trocafone;https://www.casasbahia.com.br/usado-iphone-11-256gb-branco-muito-bom-trocafone/p/1555650492;2369.00
132;Usado: iPhone XR 128GB Branco Excelente - Trocafone;https://www.casasbahia.com.br/usado-iphone-xr-128gb-branco-excelente-trocafone/p/1524579936;1719.00
133;Usado: iPhone 11 128GB Verde Muito Bom - Trocafone;https://www.casasbahia.com.br/usado-iphone-11-128gb-verde-muito-bom-trocafone/p/1557757963;2139.00
134;Usado: iPhone 13 128GB Estelar Excelente - Trocafone;https://www.casasbahia.com.br/usado-iphone-13-128gb-estelar-excelente-trocafone/p/1566880686;3739.00
135;"iPhone 13 Apple (128GB) Meia-noite, Tela de 6,1"", 5G e Câmera Dupla de 12 MP";https://www.casasbahia.com.br/iphone-13-apple-128gb-meia-noite-tela-de-61-quot-5g-e-camera-dupla-de-12-mp/p/1535724446;4849.74
136;Usado: iPhone 11 64GB Verde Muito Bom - Trocafone;https://www.casasbahia.com.br/usado-iphone-11-64gb-verde-muito-bom-trocafone/p/1562259789;2009.00
137;Usado: iPhone 12 Pro 256GB Prateado Bom - Trocafone;https://www.casasbahia.com.br/usado-iphone-12-pro-256gb-prateado-bom-trocafone/p/1563025308;3859.00
138;Usado: Iphone 12 64 GB Vermelho - Bom;https://www.casasbahia.com.br/usado-iphone-12-64-gb-vermelho-bom/p/1568394327;2759.90
139;Usado: iPhone 7 128GB Dourado Muito Bom - Trocafone;https://www.casasbahia.com.br/usado-iphone-7-128gb-dourado-muito-bom-trocafone/p/1517876152;719.00
140;Usado: iPhone 11 256GB Branco Bom - Trocafone;https://www.casasbahia.com.br/usado-iphone-11-256gb-branco-bom-trocafone/p/1555730688;2299.00
141;Usado: iPhone 12 128GB Roxo Muito Bom - Trocafone;https://www.casasbahia.com.br/usado-iphone-12-128gb-roxo-muito-bom-trocafone/p/1561970640;3019.00
142;Apple iPhone 16 Pro 256GB - Titânio-deserto;https://www.casasbahia.com.br/apple-iphone-16-pro-256gb-titanio-deserto/p/55067436;11299.00
143;Usado: iPhone 11 Pro Max 256GB Cinza Espacial Muito Bom - Trocafone;https://www.casasbahia.com.br/usado-iphone-11-pro-max-256gb-cinza-espacial-muito-bom-trocafone/p/1530338162;3119.00
144;Usado: iPhone 11 128GB Roxo Muito Bom - Trocafone;https://www.casasbahia.com.br/usado-iphone-11-128gb-roxo-muito-bom-trocafone/p/1560060934;2249.00
145;Usado: iPhone 12 Pro 512GB Grafite Muito Bom - Trocafone;https://www.casasbahia.com.br/usado-iphone-12-pro-512gb-grafite-muito-bom-trocafone/p/1562675466;4429.00
146;Usado: iPhone 12 128GB Vermelho Excelente - Trocafone;https://www.casasbahia.com.br/usado-iphone-12-128gb-vermelho-excelente-trocafone/p/1560061683;3089.00
147;Usado: Iphone XR 64 GB Branco - Regular;https://www.casasbahia.com.br/usado-iphone-xr-64-gb-branco-regular/p/1568175095;1230.90
148;Usado: iPhone 7 Plus 128GB Preto Matte Bom - Trocafone;https://www.casasbahia.com.br/usado-iphone-7-plus-128gb-preto-matte-bom-trocafone/p/1517875687;909.00
149;"iPhone 14 Plus Apple (128GB) Meia-noite, Tela de 6,7"", 5G e Câmera de 12MP";https://www.casasbahia.com.br/iphone-14-plus-apple-128gb-meia-noite-tela-de-67-quot-5g-e-camera-de-12mp/p/1567695526;5643.54
150;Usado: iPhone 7 128GB Preto Matte Bom - Trocafone;https://www.casasbahia.com.br/usado-iphone-7-128gb-preto-matte-bom-trocafone/p/1517849778;699.00
151;Usado: iPhone 13 128GB Meia Noite Excelente - Trocafone;https://www.casasbahia.com.br/usado-iphone-13-128gb-meia-noite-excelente-trocafone/p/1566782183;3809.00
152;Usado: iPhone 12 64GB Branco Bom - Trocafone;https://www.casasbahia.com.br/usado-iphone-12-64gb-branco-bom-trocafone/p/1561563381;2699.00
153;Usado: iPhone 12 Mini 64GB Vermelho Muito Bom - Trocafone;https://www.casasbahia.com.br/usado-iphone-12-mini-64gb-vermelho-muito-bom-trocafone/p/1562258679;2359.00
154;Usado: iPhone 13 PRO 128GB Azul- Sierra Excelente - Trocafone;https://www.casasbahia.com.br/usado-iphone-13-pro-128gb-azul-sierra-excelente-trocafone/p/1562608970;4899.00
155;Apple iPhone 16 Pro 128GB - Titânio-deserto;https://www.casasbahia.com.br/apple-iphone-16-pro-128gb-titanio-deserto/p/55067432;10499.00
156;Usado: iPhone 8 Plus 64GB Prateado Muito Bom - Trocafone;https://www.casasbahia.com.br/usado-iphone-8-plus-64gb-prateado-muito-bom-trocafone/p/1517875586;1039.00
157;Usado: iPhone 11 128GB Verde Excelente - Trocafone;https://www.casasbahia.com.br/usado-iphone-11-128gb-verde-excelente-trocafone/p/1562668348;2249.00
158;Usado: iPhone 11 256GB Verde Bom - Trocafone;https://www.casasbahia.com.br/usado-iphone-11-256gb-verde-bom-trocafone/p/1562621132;2339.00
159;Usado: Iphone 12 64 GB Azul - Bom;https://www.casasbahia.com.br/usado-iphone-12-64-gb-azul-bom/p/1569360821;2759.90
160;"iPhone 14 Apple (128GB) Meia-noite, Tela de 6,1"", 5G e Câmera de 12MP";https://www.casasbahia.com.br/iphone-14-apple-128gb-meia-noite-tela-de-61-quot-5g-e-camera-de-12mp/p/1563976363;5378.94
161;Usado: iPhone 13 256GB Meia Noite Muito Bom - Trocafone;https://www.casasbahia.com.br/usado-iphone-13-256gb-meia-noite-muito-bom-trocafone/p/1566891520;3739.00
162;Usado: iPhone 11 64GB Roxo Bom - Trocafone;https://www.casasbahia.com.br/usado-iphone-11-64gb-roxo-bom-trocafone/p/1557794741;1919.00
163;Usado: iPhone 12 Pro Max 128GB Prateado Bom - Trocafone;https://www.casasbahia.com.br/usado-iphone-12-pro-max-128gb-prateado-bom-trocafone/p/1563279836;3859.00
164;Usado: iPhone 13 mini 128GB (PRODUCT) RED Muito Bom - Trocafone;https://www.casasbahia.com.br/usado-iphone-13-mini-128gb-product-red-muito-bom-trocafone/p/1563025234;3419.00
165;Usado: iPhone 12 Pro Max 128GB Dourado Muito Bom - Trocafone;https://www.casasbahia.com.br/usado-iphone-12-pro-max-128gb-dourado-muito-bom-trocafone/p/1561563430;4189.00
166;Apple iPhone 16 Plus 512GB - Ultramarino;https://www.casasbahia.com.br/apple-iphone-16-plus-512gb-ultramarino/p/55067459;11799.00
167;Usado: iPhone 12 Pro Max 256GB Azul Excelente - Trocafone;https://www.casasbahia.com.br/usado-iphone-12-pro-max-256gb-azul-excelente-trocafone/p/1560060232;4499.00
168;Usado: iPhone 13 PRO Max 256GB Dourado Muito Bom - Trocafone;https://www.casasbahia.com.br/usado-iphone-13-pro-max-256gb-dourado-muito-bom-trocafone/p/1562258568;5519.00
169;Usado: Iphone 11 128 GB Branco - Regular;https://www.casasbahia.com.br/usado-iphone-11-128-gb-branco-regular/p/1565413822;1934.90
170;Usado: iPhone 8 64GB Dourado Excelente - Trocafone;https://www.casasbahia.com.br/usado-iphone-8-64gb-dourado-excelente-trocafone/p/1519699608;909.00
171;Usado: iPhone XR 256GB Vermelho Bom - Trocafone;https://www.casasbahia.com.br/usado-iphone-xr-256gb-vermelho-bom-trocafone/p/1517873440;1789.00
172;Usado: iPhone 6S Plus 128GB Cinza Espacial Excelente - Trocafone;https://www.casasbahia.com.br/usado-iphone-6s-plus-128gb-cinza-espacial-excelente-trocafone/p/1527064823;919.00
173;Usado: iPhone XR 64GB Preto Excelente - Trocafone;https://www.casasbahia.com.br/usado-iphone-xr-64gb-preto-excelente-trocafone/p/1524597902;1529.00
174;Usado: iPhone 12 Mini 64GB Branco Muito Bom - Trocafone;https://www.casasbahia.com.br/usado-iphone-12-mini-64gb-branco-muito-bom-trocafone/p/1563024950;2399.00
175;Usado: iPhone 11 128GB Roxo Excelente - Trocafone;https://www.casasbahia.com.br/usado-iphone-11-128gb-roxo-excelente-trocafone/p/1557741267;2359.00
176;Usado: iPhone 12 128GB Preto Excelente - Trocafone;https://www.casasbahia.com.br/usado-iphone-12-128gb-preto-excelente-trocafone/p/1562259774;3179.00
177;"iPhone 15 Plus Apple (512GB) Verde, Tela de 6,7"", 5G e Câmera de 48MP";https://www.casasbahia.com.br/iphone-15-plus-apple-512gb-verde-tela-de-67-quot-5g-e-camera-de-48mp/p/1566558427;11268.13
178;Apple iPhone 16 Pro 128GB - Titânio Preto;https://www.casasbahia.com.br/apple-iphone-16-pro-128gb-titanio-preto/p/55067430;10499.00
179;Usado: iPhone 12 256GB Preto Muito Bom - Trocafone;https://www.casasbahia.com.br/usado-iphone-12-256gb-preto-muito-bom-trocafone/p/1561976272;3189.00
180;Usado: iPhone 11 Pro Max 64GB Dourado Bom - Trocafone;https://www.casasbahia.com.br/usado-iphone-11-pro-max-64gb-dourado-bom-trocafone/p/1519391191;2589.00
181;Usado: Iphone SE 2020 64 GB Preto - Bom;https://www.casasbahia.com.br/usado-iphone-se-2020-64-gb-preto-bom/p/1567944449;1483.90
182;Usado: iPhone 12 64GB Vermelho Muito Bom - Trocafone;https://www.casasbahia.com.br/usado-iphone-12-64gb-vermelho-muito-bom-trocafone/p/1562260892;2879.00
183;Apple iPhone 16 Plus 512GB - Preto;https://www.casasbahia.com.br/apple-iphone-16-plus-512gb-preto/p/55067456;11799.00
184;Usado: Iphone SE 2020 64 GB Preto - Excelente;https://www.casasbahia.com.br/usado-iphone-se-2020-64-gb-preto-excelente/p/1567938201;1637.90
185;Usado: iPhone 7 32GB Ouro Rosa Muito Bom - Trocafone;https://www.casasbahia.com.br/usado-iphone-7-32gb-ouro-rosa-muito-bom-trocafone/p/1517535088;529.00
186;Usado: iPhone 11 256GB Vermelho Bom - Trocafone;https://www.casasbahia.com.br/usado-iphone-11-256gb-vermelho-bom-trocafone/p/1561599998;2299.00
187;Usado: Iphone 14 Plus 128GB Meia Noite Muito Bom - Trocafone;https://www.casasbahia.com.br/usado-iphone-14-plus-128gb-meia-noite-muito-bom-trocafone/p/1562621447;5009.00
188;Usado: Iphone 14 Pro 256GB Preto Espacial Muito Bom - Trocafone;https://www.casasbahia.com.br/usado-iphone-14-pro-256gb-preto-espacial-muito-bom-trocafone/p/1562668294;5919.00
189;Usado: iPhone 11 64GB Verde Excelente - Trocafone;https://www.casasbahia.com.br/usado-iphone-11-64gb-verde-excelente-trocafone/p/1561967321;2109.00
190;Apple iPhone 16 Plus 512GB - Rosa;https://www.casasbahia.com.br/apple-iphone-16-plus-512gb-rosa/p/55067458;11799.00
191;Usado: iPhone 8 Plus 256GB Dourado Muito Bom - Trocafone;https://www.casasbahia.com.br/usado-iphone-8-plus-256gb-dourado-muito-bom-trocafone/p/1519392627;1399.00
192;Usado: iPhone XR 128GB Vermelho Muito Bom - Trocafone;https://www.casasbahia.com.br/usado-iphone-xr-128gb-vermelho-muito-bom-trocafone/p/1519390108;1609.00
193;Usado: iPhone 11 Pro 64GB Verde Meia-Noite Bom - Trocafone;https://www.casasbahia.com.br/usado-iphone-11-pro-64gb-verde-meia-noite-bom-trocafone/p/1562260113;2159.00
194;Usado: iPhone 11 Pro 64GB Cinza Espacial Excelente - Trocafone;https://www.casasbahia.com.br/usado-iphone-11-pro-64gb-cinza-espacial-excelente-trocafone/p/1524304805;2479.00
195;Usado: iPhone 12 Pro Max 256GB Prateado Muito Bom - Trocafone;https://www.casasbahia.com.br/usado-iphone-12-pro-max-256gb-prateado-muito-bom-trocafone/p/1562260682;4359.00
196;Usado: iPhone 8 Plus 256GB Cinza Espacial Muito Bom - Trocafone;https://www.casasbahia.com.br/usado-iphone-8-plus-256gb-cinza-espacial-muito-bom-trocafone/p/1517873982;1399.00
197;Usado: Iphone XR 128 GB Branco - Regular;https://www.casasbahia.com.br/usado-iphone-xr-128-gb-branco-regular/p/1568637367;1263.90
198;Apple iPhone 16 Plus 512GB - Verde-acinzentado;https://www.casasbahia.com.br/apple-iphone-16-plus-512gb-verde-acinzentado/p/55067460;11799.00
199;REEMBALADO: iPhone 8 Apple com 256GB Tela Retina HD de 4,7 - Cinza-Espacial;https://www.casasbahia.com.br/reembalado-iphone-8-apple-com-256gb-tela-retina-hd-de-47-cinza-espacial/p/1568761293;2058.90
200;Usado: iPhone 7 128GB Ouro Rosa Muito Bom - Trocafone;https://www.casasbahia.com.br/usado-iphone-7-128gb-ouro-rosa-muito-bom-trocafone/p/1517875138;749.00
201;Usado: iPhone 6S Plus 128GB Cinza Espacial Muito Bom - Trocafone;https://www.casasbahia.com.br/usado-iphone-6s-plus-128gb-cinza-espacial-muito-bom-trocafone/p/1517873362;879.00
202;Usado: iPhone 11 128GB Vermelho Excelente - Trocafone;https://www.casasbahia.com.br/usado-iphone-11-128gb-vermelho-excelente-trocafone/p/1557777052;2359.00
203;Usado: iPhone 12 Pro 256GB Dourado Muito Bom - Trocafone;https://www.casasbahia.com.br/usado-iphone-12-pro-256gb-dourado-muito-bom-trocafone/p/1561597548;4109.00
204;Apple iPhone 16 Pro 128GB - Titânio Branco;https://www.casasbahia.com.br/apple-iphone-16-pro-128gb-titanio-branco/p/55067431;10499.00
205;Usado: iPhone 12 128GB Vermelho Bom - Trocafone;https://www.casasbahia.com.br/usado-iphone-12-128gb-vermelho-bom-trocafone/p/1568160758;2749.00
206;Usado: iPhone 7 Plus 32GB Ouro Rosa Bom - Trocafone;https://www.casasbahia.com.br/usado-iphone-7-plus-32gb-ouro-rosa-bom-trocafone/p/1517873777;819.00
207;Usado: iPhone 12 Pro 128GB Prateado Bom - Trocafone;https://www.casasbahia.com.br/usado-iphone-12-pro-128gb-prateado-bom-trocafone/p/1558397413;3589.00
208;Usado: iPhone 12 Pro 256GB Azul Muito Bom - Trocafone;https://www.casasbahia.com.br/usado-iphone-12-pro-256gb-azul-muito-bom-trocafone/p/1558397406;4109.00
209;Usado: Iphone 12 64 GB Preto - Excelente;https://www.casasbahia.com.br/usado-iphone-12-64-gb-preto-excelente/p/1568306617;3056.90
210;Usado: iPhone 8 Plus 256GB Prateado Muito Bom - Trocafone;https://www.casasbahia.com.br/usado-iphone-8-plus-256gb-prateado-muito-bom-trocafone/p/1519389476;1429.00
211;Usado: iPhone 12 Pro 128GB Dourado Muito Bom - Trocafone;https://www.casasbahia.com.br/usado-iphone-12-pro-128gb-dourado-muito-bom-trocafone/p/1562629904;3819.00
212;Usado: iPhone 11 256GB Branco Excelente - Trocafone;https://www.casasbahia.com.br/usado-iphone-11-256gb-branco-excelente-trocafone/p/1555649807;2619.00
213;Usado: iPhone 8 64GB Cinza Espacial Excelente - Trocafone;https://www.casasbahia.com.br/usado-iphone-8-64gb-cinza-espacial-excelente-trocafone/p/1533286994;899.00
214;Usado: iPhone 11 Pro Max 64GB Cinza Espacial Muito Bom - Trocafone;https://www.casasbahia.com.br/usado-iphone-11-pro-max-64gb-cinza-espacial-muito-bom-trocafone/p/1519389260;2759.00
215;Usado: iPhone 7 Plus 32GB Preto Matte Bom - Trocafone;https://www.casasbahia.com.br/usado-iphone-7-plus-32gb-preto-matte-bom-trocafone/p/1517875528;839.00
216;Apple iPhone 16 512GB - Ultramarino;https://www.casasbahia.com.br/apple-iphone-16-512gb-ultramarino/p/55067474;10099.00
217;Apple iPhone 16 Plus 128GB - Ultramarino;https://www.casasbahia.com.br/apple-iphone-16-plus-128gb-ultramarino/p/55067449;9499.00
218;Usado: Iphone 14 Plus 128 GB Preto - Excelente;https://www.casasbahia.com.br/usado-iphone-14-plus-128-gb-preto-excelente/p/1569437813;4915.90
219;Apple iPhone 16 Plus 512GB - Branco;https://www.casasbahia.com.br/apple-iphone-16-plus-512gb-branco/p/55067457;11799.00
220;Usado: iPhone XR 64GB Coral Muito Bom - Trocafone;https://www.casasbahia.com.br/usado-iphone-xr-64gb-coral-muito-bom-trocafone/p/1530343725;1479.00
221;Usado: iPhone 6s 32GB Prateado Muito Bom - Trocafone;https://www.casasbahia.com.br/usado-iphone-6s-32gb-prateado-muito-bom-trocafone/p/1517875397;499.00
222;Usado: iPhone 11 64GB Amarelo Bom - Trocafone;https://www.casasbahia.com.br/usado-iphone-11-64gb-amarelo-bom-trocafone/p/1562258607;1879.00
223;Usado: iPhone 12 Pro 512GB Dourado Muito Bom - Trocafone;https://www.casasbahia.com.br/usado-iphone-12-pro-512gb-dourado-muito-bom-trocafone/p/1562668979;4429.00
224;Usado: iPhone 8 256GB Dourado Bom - Trocafone;https://www.casasbahia.com.br/usado-iphone-8-256gb-dourado-bom-trocafone/p/1517873994;1029.00
225;Usado: iPhone 11 Pro Max 64GB Verde Meia-Noite Excelente - Trocafone;https://www.casasbahia.com.br/usado-iphone-11-pro-max-64gb-verde-meia-noite-excelente-trocafone/p/1519698487;2909.00
226;Usado: iPhone 11 64GB Vermelho Excelente - Trocafone;https://www.casasbahia.com.br/usado-iphone-11-64gb-vermelho-excelente-trocafone/p/1555742402;2109.00
227;Usado: iPhone 7 32GB Ouro Rosa Bom - Trocafone;https://www.casasbahia.com.br/usado-iphone-7-32gb-ouro-rosa-bom-trocafone/p/1517875374;509.00
228;Usado: Iphone 14 Plus 128 GB Branco - Excelente;https://www.casasbahia.com.br/usado-iphone-14-plus-128-gb-branco-excelente/p/1568358674;4915.90
229;Apple iPhone 16 Pro Max 256GB - Titânio Branco;https://www.casasbahia.com.br/apple-iphone-16-pro-max-256gb-titanio-branco/p/55067419;12499.00
230;Usado: iPhone 8 Plus 64GB Prateado Excelente - Trocafone;https://www.casasbahia.com.br/usado-iphone-8-plus-64gb-prateado-excelente-trocafone/p/1524617780;1109.00
231;Usado: iPhone 7 Plus 32GB Preto Matte Muito Bom - Trocafone;https://www.casasbahia.com.br/usado-iphone-7-plus-32gb-preto-matte-muito-bom-trocafone/p/1517875807;869.00
232;Usado: iPhone 11 128GB Roxo Bom - Trocafone;https://www.casasbahia.com.br/usado-iphone-11-128gb-roxo-bom-trocafone/p/1558304750;2109.00
233;Usado: iPhone 8 256GB Dourado Excelente - Trocafone;https://www.casasbahia.com.br/usado-iphone-8-256gb-dourado-excelente-trocafone/p/1535099994;1189.00
234;Usado: iPhone 11 256GB Roxo Muito Bom - Trocafone;https://www.casasbahia.com.br/usado-iphone-11-256gb-roxo-muito-bom-trocafone/p/1566882017;2439.00
235;Usado: iPhone 8 Plus 256GB Dourado Excelente - Trocafone;https://www.casasbahia.com.br/usado-iphone-8-plus-256gb-dourado-excelente-trocafone/p/1519694957;1469.00
236;Usado: iPhone 12 256GB Azul Bom - Trocafone;https://www.casasbahia.com.br/usado-iphone-12-256gb-azul-bom-trocafone/p/1558397446;3049.00
237;Usado: iPhone 7 128GB Preto Matte Muito Bom - Trocafone;https://www.casasbahia.com.br/usado-iphone-7-128gb-preto-matte-muito-bom-trocafone/p/1517849091;739.00
238;Usado: iPhone 12 Pro Max 128GB Azul Bom - Trocafone;https://www.casasbahia.com.br/usado-iphone-12-pro-max-128gb-azul-bom-trocafone/p/1558397429;3859.00
239;Usado: iPhone 13 256GB Azul Excelente - Trocafone;https://www.casasbahia.com.br/usado-iphone-13-256gb-azul-excelente-trocafone/p/1566889658;3929.00
240;Usado: iPhone 12 Pro 256GB Grafite Excelente - Trocafone;https://www.casasbahia.com.br/usado-iphone-12-pro-256gb-grafite-excelente-trocafone/p/1557925377;4339.00
241;Usado: iPhone SE 2020 64GB Preto Muito Bom - Trocafone;https://www.casasbahia.com.br/usado-iphone-se-2020-64gb-preto-muito-bom-trocafone/p/1535101291;1519.00
242;Usado: iPhone 12 128GB Vermelho Muito Bom - Trocafone;https://www.casasbahia.com.br/usado-iphone-12-128gb-vermelho-muito-bom-trocafone/p/1566891522;2929.00
243;Usado: iPhone 12 64GB Vermelho Bom - Trocafone;https://www.casasbahia.com.br/usado-iphone-12-64gb-vermelho-bom-trocafone/p/1568739789;2569.00
244;Usado: iPhone 12 256GB Branco Excelente - Trocafone;https://www.casasbahia.com.br/usado-iphone-12-256gb-branco-excelente-trocafone/p/1566889813;3359.00
245;Usado: iPhone 6S 128GB Cinza Espacial Bom - Trocafone;https://www.casasbahia.com.br/usado-iphone-6s-128gb-cinza-espacial-bom-trocafone/p/1517875706;619.00
246;Usado: iPhone 12 64GB Roxo Excelente - Trocafone;https://www.casasbahia.com.br/usado-iphone-12-64gb-roxo-excelente-trocafone/p/1562257699;3019.00
247;Usado: iPhone 11 256GB Verde Muito Bom - Trocafone;https://www.casasbahia.com.br/usado-iphone-11-256gb-verde-muito-bom-trocafone/p/1562259722;2489.00
248;Usado: iPhone 6S Plus 16GB Ouro Rosa Bom - Trocafone;https://www.casasbahia.com.br/usado-iphone-6s-plus-16gb-ouro-rosa-bom-trocafone/p/1517873853;559.00
249;Usado: iPhone 11 64GB Amarelo Muito Bom - Trocafone;https://www.casasbahia.com.br/usado-iphone-11-64gb-amarelo-muito-bom-trocafone/p/1557776907;2049.00
250;Usado: iPhone 12 128GB Azul Muito Bom - Trocafone;https://www.casasbahia.com.br/usado-iphone-12-128gb-azul-muito-bom-trocafone/p/1566878500;3019.00
251;Usado: Iphone 13 128GB Verde Excelente - Trocafone;https://www.casasbahia.com.br/usado-iphone-13-128gb-verde-excelente-trocafone/p/1566885492;3809.00
252;Usado: iPhone 7 Plus 256GB Dourado Muito Bom - Trocafone;https://www.casasbahia.com.br/usado-iphone-7-plus-256gb-dourado-muito-bom-trocafone/p/1517874436;1059.00
253;Usado: iPhone 11 256GB Amarelo Muito Bom - Trocafone;https://www.casasbahia.com.br/usado-iphone-11-256gb-amarelo-muito-bom-trocafone/p/1562258544;2439.00
254;Usado: Iphone 14 Plus 256GB Estelar Muito Bom - Trocafone;https://www.casasbahia.com.br/usado-iphone-14-plus-256gb-estelar-muito-bom-trocafone/p/1563024749;5359.00
255;Usado: Iphone 14 Pro 128GB Prateado Muito Bom - Trocafone;https://www.casasbahia.com.br/usado-iphone-14-pro-128gb-prateado-muito-bom-trocafone/p/1562613789;5469.00
256;Usado: iPhone 11 128GB Amarelo Excelente - Trocafone;https://www.casasbahia.com.br/usado-iphone-11-128gb-amarelo-excelente-trocafone/p/1561974896;2359.00
257;Usado: Iphone 14 256GB Meia Noite Excelente - Trocafone;https://www.casasbahia.com.br/usado-iphone-14-256gb-meia-noite-excelente-trocafone/p/1562608968;4479.00
258;Usado: iPhone 12 64GB Preto Excelente - Trocafone;https://www.casasbahia.com.br/usado-iphone-12-64gb-preto-excelente-trocafone/p/1558397421;3019.00
259;Usado: iPhone 8 128GB Cinza Espacial Muito Bom - Trocafone;https://www.casasbahia.com.br/usado-iphone-8-128gb-cinza-espacial-muito-bom-trocafone/p/1530341095;999.00
260;Usado: iPhone XS Max 256GB Cinza Espacial Excelente - Trocafone;https://www.casasbahia.com.br/usado-iphone-xs-max-256gb-cinza-espacial-excelente-trocafone/p/1519698456;1989.00
261;Usado: iPhone 11 256GB Preto Excelente - Trocafone;https://www.casasbahia.com.br/usado-iphone-11-256gb-preto-excelente-trocafone/p/1555688800;2569.00
262;Usado: Iphone 14 Pro 128GB Roxo Profundo Excelente - Trocafone;https://www.casasbahia.com.br/usado-iphone-14-pro-128gb-roxo-profundo-excelente-trocafone/p/1562621125;5639.00
263;Usado: iPhone 12 Pro 256GB Dourado Excelente - Trocafone;https://www.casasbahia.com.br/usado-iphone-12-pro-256gb-dourado-excelente-trocafone/p/1562615890;4339.00
264;Usado: iPhone 12 Pro Max 256GB Grafite Bom - Trocafone;https://www.casasbahia.com.br/usado-iphone-12-pro-max-256gb-grafite-bom-trocafone/p/1560057999;4089.00
265;Usado: iPhone 7 Plus 256GB Preto Brilhante Bom - Trocafone;https://www.casasbahia.com.br/usado-iphone-7-plus-256gb-preto-brilhante-bom-trocafone/p/1517874875;1019.00
266;Usado: iPhone 12 256GB Verde Excelente - Trocafone;https://www.casasbahia.com.br/usado-iphone-12-256gb-verde-excelente-trocafone/p/1562258554;3419.00
267;Usado: iPhone 12 Pro 256GB Azul Excelente - Trocafone;https://www.casasbahia.com.br/usado-iphone-12-pro-256gb-azul-excelente-trocafone/p/1561618672;4339.00
268;Usado: iPhone 7 128GB Preto Matte Excelente - Trocafone;https://www.casasbahia.com.br/usado-iphone-7-128gb-preto-matte-excelente-trocafone/p/1519724314;779.00
269;Usado: iPhone 6S Plus 128GB Prateado Bom - Trocafone;https://www.casasbahia.com.br/usado-iphone-6s-plus-128gb-prateado-bom-trocafone/p/1517874780;829.00
270;Usado: iPhone 12 Pro 256GB Prateado Excelente - Trocafone;https://www.casasbahia.com.br/usado-iphone-12-pro-256gb-prateado-excelente-trocafone/p/1563067551;4339.00
271;Usado: iPhone 12 64GB Verde Muito Bom - Trocafone;https://www.casasbahia.com.br/usado-iphone-12-64gb-verde-muito-bom-trocafone/p/1561610779;2879.00
272;Usado: iPhone SE 2020 128GB Preto Bom - Trocafone;https://www.casasbahia.com.br/usado-iphone-se-2020-128gb-preto-bom-trocafone/p/1558397496;1569.00
273;Usado: iPhone 12 Pro 256GB Dourado Bom - Trocafone;https://www.casasbahia.com.br/usado-iphone-12-pro-256gb-dourado-bom-trocafone/p/1562608985;3859.00
274;Usado: iPhone 12 Pro 512GB Prateado Bom - Trocafone;https://www.casasbahia.com.br/usado-iphone-12-pro-512gb-prateado-bom-trocafone/p/1563024683;4169.00
275;Usado: iPhone 12 Pro 512GB Grafite Bom - Trocafone;https://www.casasbahia.com.br/usado-iphone-12-pro-512gb-grafite-bom-trocafone/p/1563024932;4169.00
276;Usado: iPhone 12 256GB Vermelho Excelente - Trocafone;https://www.casasbahia.com.br/usado-iphone-12-256gb-vermelho-excelente-trocafone/p/1558397442;3419.00
277;Usado: iPhone SE 2020 64GB Preto Bom - Trocafone;https://www.casasbahia.com.br/usado-iphone-se-2020-64gb-preto-bom-trocafone/p/1558302999;1459.00
278;Usado: iPhone 12 64GB Vermelho Excelente - Trocafone;https://www.casasbahia.com.br/usado-iphone-12-64gb-vermelho-excelente-trocafone/p/1562257814;3019.00
279;Usado: iPhone 7 Plus 128GB Prateado Bom - Trocafone;https://www.casasbahia.com.br/usado-iphone-7-plus-128gb-prateado-bom-trocafone/p/1517874648;949.00
280;Usado: iPhone 8 64GB Vermelho Bom - Trocafone;https://www.casasbahia.com.br/usado-iphone-8-64gb-vermelho-bom-trocafone/p/1517874774;819.00
281;"iPhone 14 Apple (128GB) Roxo, Tela de 6,1"", 5G e Câmera de 12MP";https://www.casasbahia.com.br/iphone-14-apple-128gb-roxo-tela-de-61-quot-5g-e-camera-de-12mp/p/1567839561;5378.94
282;Usado: iPhone 7 128GB Preto Brilhante Bom - Trocafone;https://www.casasbahia.com.br/usado-iphone-7-128gb-preto-brilhante-bom-trocafone/p/1517876266;709.00
283;Usado: iPhone 12 Pro Max 128GB Dourado Bom - Trocafone;https://www.casasbahia.com.br/usado-iphone-12-pro-max-128gb-dourado-bom-trocafone/p/1563024731;3939.00
284;Usado: iPhone 12 64GB Azul Muito Bom - Trocafone;https://www.casasbahia.com.br/usado-iphone-12-64gb-azul-muito-bom-trocafone/p/1560061185;2879.00
285;Usado: Iphone 12 64 GB Branco - Excelente;https://www.casasbahia.com.br/usado-iphone-12-64-gb-branco-excelente/p/1568669767;3056.90
286;Usado: iPhone 11 128GB Amarelo Muito Bom - Trocafone;https://www.casasbahia.com.br/usado-iphone-11-128gb-amarelo-muito-bom-trocafone/p/1563024822;2249.00
287;Usado: iPhone XR 64GB Azul Excelente - Trocafone;https://www.casasbahia.com.br/usado-iphone-xr-64gb-azul-excelente-trocafone/p/1558304734;1559.00
288;Usado: Iphone 14 128GB Azul Excelente - Trocafone;https://www.casasbahia.com.br/usado-iphone-14-128gb-azul-excelente-trocafone/p/1563252952;4199.00
289;Usado: iPhone 13 128GB Azul Excelente - Trocafone;https://www.casasbahia.com.br/usado-iphone-13-128gb-azul-excelente-trocafone/p/1566777826;3809.00
290;Usado: Iphone 11 64 GB Branco - Excelente;https://www.casasbahia.com.br/usado-iphone-11-64-gb-branco-excelente/p/1568152837;2165.90
291;Usado: Iphone 12 128 GB Branco - Muito Bom;https://www.casasbahia.com.br/usado-iphone-12-128-gb-branco-muito-bom/p/1568358785;3122.90
292;Usado: Iphone 11 Pro Max 64 GB Cinza - Muito Bom;https://www.casasbahia.com.br/usado-iphone-11-pro-max-64-gb-cinza-muito-bom/p/1569471168;2792.90
293;Usado: Iphone 14 Plus 256 GB Preto - Muito Bom;https://www.casasbahia.com.br/usado-iphone-14-plus-256-gb-preto-muito-bom/p/1569470686;5091.90
294;Usado: Iphone 13 Mini 128 GB Vermelho - Muito Bom;https://www.casasbahia.com.br/usado-iphone-13-mini-128-gb-vermelho-muito-bom/p/1569313305;3463.90
295;Usado: Iphone 13 Mini 128 GB Preto - Excelente;https://www.casasbahia.com.br/usado-iphone-13-mini-128-gb-preto-excelente/p/1568147230;3650.90
296;Usado: Iphone 14 Plus 256GB Meia Noite Muito Bom - Trocafone;https://www.casasbahia.com.br/usado-iphone-14-plus-256gb-meia-noite-muito-bom-trocafone/p/1563024872;5359.00
297;Usado: iPhone 11 Pro 256GB Verde Meia-Noite Excelente - Trocafone;https://www.casasbahia.com.br/usado-iphone-11-pro-256gb-verde-meia-noite-excelente-trocafone/p/1561974399;2629.00
298;Usado: Iphone 11 64 GB Preto - Muito Bom;https://www.casasbahia.com.br/usado-iphone-11-64-gb-preto-muito-bom/p/1567953527;2055.90
299;Usado: Iphone SE 2020 64 GB Branco - Excelente;https://www.casasbahia.com.br/usado-iphone-se-2020-64-gb-branco-excelente/p/1567952870;1637.90
300;Usado: Iphone SE 2020 64 GB Branco - Excelente;https://www.casasbahia.com.br/usado-iphone-se-2020-64-gb-branco-excelente/p/1567952870;Preço não disponível
301;Usado: Iphone 12 Pro 128 GB Ouro - Excelente;https://www.casasbahia.com.br/usado-iphone-12-pro-128-gb-ouro-excelente/p/1568163792;Preço não disponível
302;Usado: Iphone 12 Mini 64 GB Branco - Excelente;https://www.casasbahia.com.br/usado-iphone-12-mini-64-gb-branco-excelente/p/1568306527;Preço não disponível
303;Usado: Iphone 13 128 GB Preto - Excelente;https://www.casasbahia.com.br/usado-iphone-13-128-gb-preto-excelente/p/1565408916;Preço não disponível
304;Apple iPhone 16 Pro 1TB - Titânio Natural;https://www.casasbahia.com.br/apple-iphone-16-pro-1tb-titanio-natural/p/55067445;Preço não disponível
305;Apple iPhone 16 Pro Max 256GB - Titânio Preto;https://www.casasbahia.com.br/apple-iphone-16-pro-max-256gb-titanio-preto/p/55067418;Preço não disponível
306;Usado: iPhone 11 128GB Amarelo Bom - Trocafone;https://www.casasbahia.com.br/usado-iphone-11-128gb-amarelo-bom-trocafone/p/1557852947;Preço não disponível
307;Usado: iPhone 7 256GB Vermelho Bom - Trocafone;https://www.casasbahia.com.br/usado-iphone-7-256gb-vermelho-bom-trocafone/p/1517874782;Preço não disponível
308;Usado: iPhone 12 Pro Max 256GB Dourado Muito Bom - Trocafone;https://www.casasbahia.com.br/usado-iphone-12-pro-max-256gb-dourado-muito-bom-trocafone/p/1562623112;Preço não disponível
309;Carregador USB-C 20W Apple Branco Original - iPhone/iPad;https://www.casasbahia.com.br/carregador-usb-c-20w-apple-branco-original-iphone-ipad/p/55065992;Preço não disponível
310;Capa Silicone íPhone 13 Pro Max Branco;https://www.casasbahia.com.br/capa-silicone-iphone-13-pro-max-branco/p/1531893885;Preço não disponível
311;Capa íphone 11 6.1 Anti Impacto Transparente;https://www.casasbahia.com.br/capa-iphone-11-61-anti-impacto-transparente/p/1514550812;Preço não disponível
312;Kit Capa Anti Impacto Transparente ÍPhone 8 Plus + Pelicula De Vidro;https://www.casasbahia.com.br/kit-capa-anti-impacto-transparente-iphone-8-plus-pelicula-de-vidro/p/1531895076;Preço não disponível
313;CAPA ANTI IMPACTO TRANSPARENTE íPHONE 13 PRO MAX;https://www.casasbahia.com.br/capa-anti-impacto-transparente-iphone-13-pro-max/p/1531892120;Preço não disponível
314;Capa para iPhone 14 Plus com MagSafe em Policarbonato Transparente - Apple - MPU43ZE/A;https://www.casasbahia.com.br/capa-para-iphone-14-plus-com-magsafe-em-policarbonato-transparente-apple-mpu43ze-a/p/1548611859;Preço não disponível
315;Capa Capinha Transparente iPhone 11 Pro Max;https://www.casasbahia.com.br/capa-capinha-transparente-iphone-11-pro-max/p/1562807477;Preço não disponível
316;Capa Capinha Transparente iPhone 12;https://www.casasbahia.com.br/capa-capinha-transparente-iphone-12/p/1562812779;Preço não disponível
317;Capa Capinha Case iPhone 11 Pro Preta;https://www.casasbahia.com.br/capa-capinha-case-iphone-11-pro-preta/p/1562812720;Preço não disponível
318;Capa Capinha Transparente iPhone XS;https://www.casasbahia.com.br/capa-capinha-transparente-iphone-xs/p/1562812793;Preço não disponível
319;Kit Capa Anti Impacto Transparente íPhone 12 Pro + Pelicula De Vidro;https://www.casasbahia.com.br/kit-capa-anti-impacto-transparente-iphone-12-pro-pelicula-de-vidro/p/1508519542;Preço não disponível
320;Pelicula 3D iPhone X;https://www.casasbahia.com.br/pelicula-3d-iphone-x/p/1562911721;10.00
321;Pelicula 3D iPhone XS;https://www.casasbahia.com.br/pelicula-3d-iphone-xs/p/1562911797;10.00
322;Capa Capinha Case  iPhone 08 Preta;https://www.casasbahia.com.br/capa-capinha-case-iphone-08-preta/p/1562792117;10.00
323;Capa Capinha Transparente iPhone 07;https://www.casasbahia.com.br/capa-capinha-transparente-iphone-07/p/1566852080;10.00
324;Kit Capa Anti Impacto íPhone 13 Pro Max + Pelicula 3D + Pelicula de Câmera;https://www.casasbahia.com.br/kit-capa-anti-impacto-iphone-13-pro-max-pelicula-3d-pelicula-de-camera/p/1531892005;59.90
325;Pelicula 3D iPhone 11 Pro;https://www.casasbahia.com.br/pelicula-3d-iphone-11-pro/p/1562906753;10.00
326;Capa Capinha Transparente iPhone 08;https://www.casasbahia.com.br/capa-capinha-transparente-iphone-08/p/1562812745;10.00
327;Capa Case Capinha iPhöne 15 Pro Max - Protetora Resistente Anti Impacto Queda Armor Militar;https://www.casasbahia.com.br/capa-case-capinha-iphone-15-pro-max-protetora-resistente-anti-impacto-queda-armor-militar/p/1561260219;228.80
328;Capa Cristal Degradê P/ iPhone 7/6s/6 - Azul E Verde;https://www.casasbahia.com.br/capa-cristal-degrade-p-iphone-7-6s-6-azul-e-verde/p/1511984952;17.90
329;Pelicula 3D iPhone 11 Pro Max;https://www.casasbahia.com.br/pelicula-3d-iphone-11-pro-max/p/1562911750;10.00
330;Cabo Carregador Para I-Phone C/ Led Ativado Por Som 1M;https://www.casasbahia.com.br/cabo-carregador-para-i-phone-c-led-ativado-por-som-1m/p/1544678789;46.90
331;Pelicula De Privacidade 3D Íphone 13 Pro Max;https://www.casasbahia.com.br/pelicula-de-privacidade-3d-iphone-13-pro-max/p/1531894829;29.90
332;"Capa De Silicone Para Iphonee Xr 6,1"" Cinza + Película De Vidro";https://www.casasbahia.com.br/capa-de-silicone-para-iphonee-xr-61-quot-cinza-pelicula-de-vidro/p/1511330986;55.99
333;Kit 3x Película 9D Cerâmica iPhöne 7 e 8 Plus - Protetora Anti Impacto Queda Choque Shock Flexível Nano Gel;https://www.casasbahia.com.br/kit-3x-pelicula-9d-ceramica-iphone-7-e-8-plus-protetora-anti-impacto-queda-choque-shock-flexivel-nano-gel/p/1548038672;39.90
334;KIT CARREGADOR PORTÁTIL BLUESTAR 10.000MAH ìPHONE 12 + CAPA + PELÍCULA DE VIDRO 3D;https://www.casasbahia.com.br/kit-carregador-portatil-bluestar-10000mah-iphone-12-capa-pelicula-de-vidro-3d/p/1561669214;149.90
335;Capa Silicone íPhone 12 Pro Max Preta;https://www.casasbahia.com.br/capa-silicone-iphone-12-pro-max-preta/p/1514753388;59.90
336;Capa Case Capinha iPhöne 14 Pro Max - Protetora Resistente Anti Impacto Queda Armadura Militar;https://www.casasbahia.com.br/capa-case-capinha-iphone-14-pro-max-protetora-resistente-anti-impacto-queda-armadura-militar/p/1550103457;69.90
337;Capa Case Capinha iPhöne 14 Normal - Protetora Resistente Anti Impacto Queda Armadura Militar;https://www.casasbahia.com.br/capa-case-capinha-iphone-14-normal-protetora-resistente-anti-impacto-queda-armadura-militar/p/1549947674;69.90
338;Kit Capa ÍPhone Xr Anti Impacto + Pelicula De Vidro 3D;https://www.casasbahia.com.br/kit-capa-iphone-xr-anti-impacto-pelicula-de-vidro-3d/p/1504487401;24.00
339;Capa Silicone íPhone 11 Branco;https://www.casasbahia.com.br/capa-silicone-iphone-11-branco/p/1515797398;59.90
340;Capa Capinha Case em silicone para iPhonee 7/8 Goiaba;https://www.casasbahia.com.br/capa-capinha-case-em-silicone-para-iphonee-7-8-goiaba/p/1511344551;29.96
341;Pelicula De Vidro 3D Íphone 13 Pro Max;https://www.casasbahia.com.br/pelicula-de-vidro-3d-iphone-13-pro-max/p/1531893414;29.90
342;Kit Capa Anti Impacto íPhone 12 Pro Max + Pelicula 3D + Pelicula de Câmera;https://www.casasbahia.com.br/kit-capa-anti-impacto-iphone-12-pro-max-pelicula-3d-pelicula-de-camera/p/1531894043;39.90
343;Kit Capa Anti Impacto Transparente íPhone 13 Pro Max + Pelicula De Cerâmica 9D;https://www.casasbahia.com.br/kit-capa-anti-impacto-transparente-iphone-13-pro-max-pelicula-de-ceramica-9d/p/1531894628;29.90
344;Kit Capa Anti Impacto Transparente íPhone 13 + Pelicula De Vidro;https://www.casasbahia.com.br/kit-capa-anti-impacto-transparente-iphone-13-pelicula-de-vidro/p/1531970262;39.90
345;CAPA ANTI IMPACTO TRANSPARENTE íPHONE 12 PRO MAX;https://www.casasbahia.com.br/capa-anti-impacto-transparente-iphone-12-pro-max/p/1511690414;39.90
346;Película 9D Cerâmica iPhöne 14 Pro Max - Protetora Anti Impacto Queda Choque Shock Flexível Nano Gel;https://www.casasbahia.com.br/pelicula-9d-ceramica-iphone-14-pro-max-protetora-anti-impacto-queda-choque-shock-flexivel-nano-gel/p/1548038371;24.90
347;Kit Capa Anti Impacto ÍPhone 12 Pro Max + Pelicula De Cerâmica 9D;https://www.casasbahia.com.br/kit-capa-anti-impacto-iphone-12-pro-max-pelicula-de-ceramica-9d/p/1531895069;29.90
348;Capa Anti-Impacto para iPhone 14 Pro de TPU Premium Transparente - Geonav  - IPI14PSG;https://www.casasbahia.com.br/capa-anti-impacto-para-iphone-14-pro-de-tpu-premium-transparente-geonav-ipi14psg/p/1564394063;111.00
349;Capa Case Capinha iPhöne 14 Plus - Protetora Resistente Anti Impacto Queda Armadura Militar;https://www.casasbahia.com.br/capa-case-capinha-iphone-14-plus-protetora-resistente-anti-impacto-queda-armadura-militar/p/1549965736;69.90
350;Capa Case Capinha iPhöne 15 Normal - Protetora Resistente Anti Impacto Queda Armor Militar;https://www.casasbahia.com.br/capa-case-capinha-iphone-15-normal-protetora-resistente-anti-impacto-queda-armor-militar/p/1561260445;228.80
351;Capa Silicone íPhone 12 Branco;https://www.casasbahia.com.br/capa-silicone-iphone-12-branco/p/1515797015;59.90
352;PELICULA DE CERÂMICA 9D íPHONE 8 PLUS;https://www.casasbahia.com.br/pelicula-de-ceramica-9d-iphone-8-plus/p/1531892720;24.90
353;Capa Case Capinha iPhöne 15 Plus - Protetora Resistente Anti Impacto Queda Armor Militar;https://www.casasbahia.com.br/capa-case-capinha-iphone-15-plus-protetora-resistente-anti-impacto-queda-armor-militar/p/1561259559;228.80
354;KIT CARREGADOR PORTÁTIL BLUESTAR 10.000MAH ìPHONE 12 MINI + CAPA + PELÍCULA DE VIDRO 3D;https://www.casasbahia.com.br/kit-carregador-portatil-bluestar-10000mah-iphone-12-mini-capa-pelicula-de-vidro-3d/p/1561669213;149.90
355;Película 9D Cerâmica iPhöne 14 Normal - Protetora Anti Impacto Queda Choque Shock Flexível Nano Gel;https://www.casasbahia.com.br/pelicula-9d-ceramica-iphone-14-normal-protetora-anti-impacto-queda-choque-shock-flexivel-nano-gel/p/1548039195;24.90
356;Capa Silicone íPhone 13 Branco;https://www.casasbahia.com.br/capa-silicone-iphone-13-branco/p/1531894638;99.90
357;Capa Silicone íPhone 13 Mini Preta;https://www.casasbahia.com.br/capa-silicone-iphone-13-mini-preta/p/1531894538;99.90
358;Kit 3x Película 9D Cerâmica iPhöne 14 Pro Max - Protetora Anti Impacto Queda Choque Shock Flexível Nano Gel;https://www.casasbahia.com.br/kit-3x-pelicula-9d-ceramica-iphone-14-pro-max-protetora-anti-impacto-queda-choque-shock-flexivel-nano-gel/p/1548038472;39.90
359;Capa Case Capinha iPhöne 13 - Protetora Anti Impacto Queda Armor Militar Anel de dedo e Base;https://www.casasbahia.com.br/capa-case-capinha-iphone-13-protetora-anti-impacto-queda-armor-militar-anel-de-dedo-e-base/p/1540769786;54.90
360;Pelicula De Privacidade 3D Íphone 13;https://www.casasbahia.com.br/pelicula-de-privacidade-3d-iphone-13/p/1531894879;29.90
361;Capa Silicone íPhone 13 Preta;https://www.casasbahia.com.br/capa-silicone-iphone-13-preta/p/1531894567;99.90
362;Case capa de silicone Verde água Iphonee  11;https://www.casasbahia.com.br/case-capa-de-silicone-verde-agua-iphonee-11/p/1511311997;29.96
363;Case Apple Capa Pink IPhonee XR;https://www.casasbahia.com.br/case-apple-capa-pink-iphonee-xr/p/1511311603;29.96
364;Kit Capa Anti Impacto íPhone 12 Mini + Pelicula 3D + Pelicula de Câmera;https://www.casasbahia.com.br/kit-capa-anti-impacto-iphone-12-mini-pelicula-3d-pelicula-de-camera/p/1531894547;39.90
365;Case Capa De Silicone Lilás Iphonee 11;https://www.casasbahia.com.br/case-capa-de-silicone-lilas-iphonee-11/p/1511309821;29.96
366;Capa Case Capinha iPhöne 15 Pro - Protetora Resistente Anti Impacto Queda Armor Militar;https://www.casasbahia.com.br/capa-case-capinha-iphone-15-pro-protetora-resistente-anti-impacto-queda-armor-militar/p/1561260151;228.80
367;Capa Silicone íPhone 11 Preta;https://www.casasbahia.com.br/capa-silicone-iphone-11-preta/p/1514753370;59.90
368;Pelicula De Privacidade Íphone Xr;https://www.casasbahia.com.br/pelicula-de-privacidade-iphone-xr/p/1531894780;19.90
369;Capa Silicone íPhone 12 Pro Branco;https://www.casasbahia.com.br/capa-silicone-iphone-12-pro-branco/p/1515796291;59.90
370;Película 9D Cerâmica iPhöne 13 Normal - Protetora Anti Impacto Queda Choque Shock Flexível Nano Gel;https://www.casasbahia.com.br/pelicula-9d-ceramica-iphone-13-normal-protetora-anti-impacto-queda-choque-shock-flexivel-nano-gel/p/1548038306;24.90
371;Película 9D Cerâmica iPhöne 14 Plus - Protetora Anti Impacto Queda Choque Shock Flexível Nano Gel;https://www.casasbahia.com.br/pelicula-9d-ceramica-iphone-14-plus-protetora-anti-impacto-queda-choque-shock-flexivel-nano-gel/p/1548039715;24.90
372;PELICULA DE PRIVACIDADE 3D íPHONE 11;https://www.casasbahia.com.br/pelicula-de-privacidade-3d-iphone-11/p/1531894775;29.90
373;Película De Vidro 9D Para I.phone 12 Pro Max;https://www.casasbahia.com.br/pelicula-de-vidro-9d-para-iphone-12-pro-max/p/1561507099;9.90
374;Cabo Usb Multifunção Tipo C / iPhone(compatível) / Micro Usb - Cb1120 Preto;https://www.casasbahia.com.br/cabo-usb-multifuncao-tipo-c-iphone-compativel-micro-usb-cb1120-preto/p/1553250913;34.90
375;Kit Capa Anti Impacto Transparente ÍPhone SE 2020 + Pelicula De Vidro 3D;https://www.casasbahia.com.br/kit-capa-anti-impacto-transparente-iphone-se-2020-pelicula-de-vidro-3d/p/1531894605;31.90
376;PELICULA DE VIDRO 3D íPHONE 11;https://www.casasbahia.com.br/pelicula-de-vidro-3d-iphone-11/p/1504724522;19.90
377;Capa Case Capinha iPhöne 7 8 - Protetora Anti Impacto Queda Armor Militar Anel e Base;https://www.casasbahia.com.br/capa-case-capinha-iphone-7-8-protetora-anti-impacto-queda-armor-militar-anel-e-base/p/1549951708;54.90
378;PELICULA DE CERÂMICA 9D íPHONE 11 PRO MAX;https://www.casasbahia.com.br/pelicula-de-ceramica-9d-iphone-11-pro-max/p/1531892584;24.90
379;Kit Capa íPhone Xr Anti Impacto + Pelicula De Vidro Temperado;https://www.casasbahia.com.br/kit-capa-iphone-xr-anti-impacto-pelicula-de-vidro-temperado/p/1504724551;39.90
380;CAPA ANTI IMPACTO TRANSPARENTE íPHONE XR;https://www.casasbahia.com.br/capa-anti-impacto-transparente-iphone-xr/p/1504723830;19.90
381;Cabo Usb conector Lightning iPhone(compatível) - 1 Metro - Cb1121 Hayom + SUPORTE DE MESA P/CELULAR;https://www.casasbahia.com.br/cabo-usb-conector-lightning-iphone-compativel-1-metro-cb1121-hayom-suporte-de-mesa-p-celular/p/1553781566;48.40
382;Película De Cerâmica 9D Íphóne 13;https://www.casasbahia.com.br/pelicula-de-ceramica-9d-iphone-13/p/1542487440;24.90
383;Kit 3x Película 9D Cerâmica iPhöne 14 Plus - Protetora Anti Impacto Queda Choque Shock Flexível Nano Gel;https://www.casasbahia.com.br/kit-3x-pelicula-9d-ceramica-iphone-14-plus-protetora-anti-impacto-queda-choque-shock-flexivel-nano-gel/p/1548038487;39.90
384;Capa Silicone íPhone 12 Preto;https://www.casasbahia.com.br/capa-silicone-iphone-12-preto/p/1514753392;59.90
385;Capa Case Capinha iPhöne 14 Pro - Protetora Resistente Anti Impacto Queda Armadura Militar;https://www.casasbahia.com.br/capa-case-capinha-iphone-14-pro-protetora-resistente-anti-impacto-queda-armadura-militar/p/1549965950;69.90
386;Placa Led Uber + Suporte Celular Veicular  Automotivo + Cabo Compatível Iphöne;https://www.casasbahia.com.br/placa-led-uber-suporte-celular-veicular-automotivo-cabo-compativel-iphone/p/1564360204;59.00
387;Capa Case Com Armadura à Prova de Choque para íPhone 12 6.1;https://www.casasbahia.com.br/capa-case-com-armadura-a-prova-de-choque-para-iphone-12-61/p/1526587027;28.59
388;Capa Case Capinha iPhöne XR - Protetora Anti Impacto Queda Armor Militar Anel e Base;https://www.casasbahia.com.br/capa-case-capinha-iphone-xr-protetora-anti-impacto-queda-armor-militar-anel-e-base/p/1550010394;54.90
389;PELICULA DE PRIVACIDADE 3D íPHONE 12;https://www.casasbahia.com.br/pelicula-de-privacidade-3d-iphone-12/p/1531894731;29.90
390;Película iPhone7/8/SE2/SE3-TraseiraFibraCarbonoPreta-Gshield;https://www.casasbahia.com.br/pelicula-iphone7-8-se2-se3-traseirafibracarbonopreta-gshield/p/1558907479;25.27
391;Cabo Usb Multifunção Tipo C/ iPhone(compatível)/ MicroUsb - Cb1120 Preto + SUPORTE P/CELULAR;https://www.casasbahia.com.br/cabo-usb-multifuncao-tipo-c-iphone-compativel-microusb-cb1120-preto-suporte-p-celular/p/1553781614;59.60
392;PELICULA DE VIDRO 3D íPHONE 13;https://www.casasbahia.com.br/pelicula-de-vidro-3d-iphone-13/p/1531893350;29.90
393;Película 9D Cerâmica iPhöne 14 Pro - Protetora Anti Impacto Queda Choque Shock Flexível Nano Gel;https://www.casasbahia.com.br/pelicula-9d-ceramica-iphone-14-pro-protetora-anti-impacto-queda-choque-shock-flexivel-nano-gel/p/1550260325;24.90
394;Cabo Usb Multifunção 3 em 1-Tipo C/ iPhone(compatível)/Micro USB-Cb1120 Vermelho + SUPORTE P/CELULAR;https://www.casasbahia.com.br/cabo-usb-multifuncao-3-em-1-tipo-c-iphone-compativel-micro-usb-cb1120-vermelho-suporte-p-celular/p/1553781572;59.60
395;Kit Capa Anti impacto ÍPhone Xr  + Pelicula De Cêramica 9D;https://www.casasbahia.com.br/kit-capa-anti-impacto-iphone-xr-pelicula-de-ceramica-9d/p/1531895018;29.90
396;PELICULA DE CERÂMICA 9D íPHONE 11 PRO;https://www.casasbahia.com.br/pelicula-de-ceramica-9d-iphone-11-pro/p/1531892546;24.90
397;Braçadeira Celular Corrida Esporte Ciclismo Suporte Celular + Cabo USB PARA IPHÖNE;https://www.casasbahia.com.br/bracadeira-celular-corrida-esporte-ciclismo-suporte-celular-cabo-usb-para-iphone/p/1564203634;25.00
398;CABO USB MULTIFUNÇÃO 3 em 1 - Tipo C /iPhone(compatível)/ Micro Usb - Cb1120 Vermelho;https://www.casasbahia.com.br/cabo-usb-multifuncao-3-em-1-tipo-c-iphone-compativel-micro-usb-cb1120-vermelho/p/1553250951;34.90
399;Película 9d Nano Fosca Matte Ceramica Oleofóbica P/ Todos Iphones;https://www.casasbahia.com.br/pelicula-9d-nano-fosca-matte-ceramica-oleofobica-p-todos-iphones/p/1541742579;26.99
400;Película Protetora para iPhone 14 de Vidro Temperado Transparente - Laut - LT-IP22APG;https://www.casasbahia.com.br/pelicula-protetora-para-iphone-14-de-vidro-temperado-transparente-laut-lt-ip22apg/p/1555028568;91.75
401;Película Protetora para iPhone 14 Pro de Vidro Temperado Transparente - Laut - LT-IP22BPG;https://www.casasbahia.com.br/pelicula-protetora-para-iphone-14-pro-de-vidro-temperado-transparente-laut-lt-ip22bpg/p/1555021133;91.75
402;Capa para iPhone 14 Plus com MagSafe em Silicone Roxo-Silvestre - Apple - MPT93ZE/A;https://www.casasbahia.com.br/capa-para-iphone-14-plus-com-magsafe-em-silicone-roxo-silvestre-apple-mpt93ze-a/p/1550229021;587.74
403;AirTag para iPhone, iPad e iPod Touch com 01 Unidade - Apple;https://www.casasbahia.com.br/airtag-para-iphone-ipad-e-ipod-touch-com-01-unidade-apple/p/1517684569;406.00
404;Cabo Lightning MFi Geonav para iPhone, iPad e iPod com 1,5 Metros - Geonav - LIGH10T;https://www.casasbahia.com.br/cabo-lightning-mfi-geonav-para-iphone-ipad-e-ipod-com-15-metros-geonav-ligh10t/p/1510898592;120.39
405;Cabo Lightning USB-C com 1,2 Metros para iPhone Cinza - Laut - LT-LKTCL12GYI;https://www.casasbahia.com.br/cabo-lightning-usb-c-com-12-metros-para-iphone-cinza-laut-lt-lktcl12gyi/p/1532096278;100.00
406;AirTag para iPhone, iPad e iPod Touch com 04 Unidades - Apple - MX532BE/A;https://www.casasbahia.com.br/airtag-para-iphone-ipad-e-ipod-touch-com-04-unidades-apple-mx532be-a/p/1516343289;1665.89
407;Cabo Lightning USB-C 1 com 1,5 Metros para iPod, iPhone e iPad - Geonav - LIUC01;https://www.casasbahia.com.br/cabo-lightning-usb-c-1-com-15-metros-para-ipod-iphone-e-ipad-geonav-liuc01/p/1510899192;90.00
408;Cabo De Transferencia Dados Kaidi Usb Ios Iphone 1000m Kd306;https://www.casasbahia.com.br/cabo-de-transferencia-dados-kaidi-usb-ios-iphone-1000m-kd306/p/14818340;15.00
409;Cabo De Dados Multilaser Para Iphone, Ipod, Ipad Wi255;https://www.casasbahia.com.br/cabo-de-dados-multilaser-para-iphone-ipod-ipad-wi255/p/4627014;19.90
410;Kit Capa a Prova D` água ÍPhone 13 Pro Max + Capa + Pelicula De Vidro 3D;https://www.casasbahia.com.br/kit-capa-a-prova-d-agua-iphone-13-pro-max-capa-pelicula-de-vidro-3d/p/1531894624;49.90
411;Kit Pochete íPhone 8 Plus + Capinha Anti Impacto + Película de Vidro;https://www.casasbahia.com.br/kit-pochete-iphone-8-plus-capinha-anti-impacto-pelicula-de-vidro/p/1508672203;49.90
412;Kit Flash Selfie ÍPhone 13 + Capa + Pelicula De Vidro 3D;https://www.casasbahia.com.br/kit-flash-selfie-iphone-13-capa-pelicula-de-vidro-3d/p/1531892130;69.90
413;Kit Pochete íPhone 13 + Capinha Anti Impacto + Película de Vidro;https://www.casasbahia.com.br/kit-pochete-iphone-13-capinha-anti-impacto-pelicula-de-vidro/p/1531894515;59.90
414;Kit Pochete íPhone 11 + Capinha Anti Impacto + Película de Vidro;https://www.casasbahia.com.br/kit-pochete-iphone-11-capinha-anti-impacto-pelicula-de-vidro/p/1508672192;49.90
415;Kit Capa ÍPhone 11 + Película de vidro 3D + Pelicula para Câmera;https://www.casasbahia.com.br/kit-capa-iphone-11-pelicula-de-vidro-3d-pelicula-para-camera/p/1511689889;55.90
416;Kit Pochete íPhone 13 Mini + Capinha Anti Impacto + Película de Vidro;https://www.casasbahia.com.br/kit-pochete-iphone-13-mini-capinha-anti-impacto-pelicula-de-vidro/p/1531894770;59.90
417;Kit Tripé para ÍPhone 13 + Capa + Pelicula De Vidro;https://www.casasbahia.com.br/kit-tripe-para-iphone-13-capa-pelicula-de-vidro/p/1531893966;59.90
418;Kit Braçadeira ÍPhone 13 + Capa + Pelicula De Vidro 3D;https://www.casasbahia.com.br/kit-bracadeira-iphone-13-capa-pelicula-de-vidro-3d/p/1531892022;55.90
419;Kit Braçadeira ÍPhone 11 + Capa + Pelicula De Vidro 3D;https://www.casasbahia.com.br/kit-bracadeira-iphone-11-capa-pelicula-de-vidro-3d/p/1504724587;59.90
420;Kit Pochete íPhone 12 Pro + Capinha Anti Impacto + Película de Vidro;https://www.casasbahia.com.br/kit-pochete-iphone-12-pro-capinha-anti-impacto-pelicula-de-vidro/p/1508672195;89.90
421;Kit Capa a Prova D` água ÍPhone 13 Mini + Capa + Pelicula De Vidro 3D;https://www.casasbahia.com.br/kit-capa-a-prova-d-agua-iphone-13-mini-capa-pelicula-de-vidro-3d/p/1531894422;49.90
422;Kit Pochete íPhone 12 + Capinha Anti Impacto + Película de Vidro;https://www.casasbahia.com.br/kit-pochete-iphone-12-capinha-anti-impacto-pelicula-de-vidro/p/1508672187;85.90
423;Kit Pochete íPhone XR + Capinha Anti Impacto + Película de Vidro;https://www.casasbahia.com.br/kit-pochete-iphone-xr-capinha-anti-impacto-pelicula-de-vidro/p/1508672209;49.90
424;Kit Braçadeira íPhone XR + Pelicula De Vidro + Capa;https://www.casasbahia.com.br/kit-bracadeira-iphone-xr-pelicula-de-vidro-capa/p/1504724579;59.90
425;Teclado Bluetooth para todos iPad, iPhone, iMac e Macbook .;https://www.casasbahia.com.br/teclado-bluetooth-para-todos-ipad-iphone-imac-e-macbook/p/1504138492;119.99
426;Kit Tripé Tripod 360 Graus Para Íphóne 11 Pro Max + Capa + Pelicula De Vidro;https://www.casasbahia.com.br/kit-tripe-tripod-360-graus-para-iphone-11-pro-max-capa-pelicula-de-vidro/p/1542487427;59.90
427;Kit Tripé Tripod 360 Graus Para Íphóne 12 + Capa + Pelicula De Vidro;https://www.casasbahia.com.br/kit-tripe-tripod-360-graus-para-iphone-12-capa-pelicula-de-vidro/p/1542487391;59.90
428;Livro - iOS4 em Ação: Exemplos e Soluções para iPhone e iPad - Jocelyn Harrington, Brandon Trebitowski, Shannon Appelcline and Christopher Allen;https://www.casasbahia.com.br/iOS4-em-Acao-Exemplos-e-Solucoes-para-iPhone-e-iPad-Jocelyn-Harrington-Brandon-Trebitowski-Shannon-Appelcline-and-Christopher-Allen/p/1873065;144.00
429;Livro - Aprenda a Desenvolver Jogos Para iPhone e iPad Com o cocos2d - Steffen Itterheim;https://www.casasbahia.com.br/Aprenda-a-Desenvolver-Jogos-Para-iPhone-e-iPad-Com-o-cocos2d-Steffen-Itterheim/p/1682465;111.00
430;Livro - Desenvolvimento Profissional de Aplicativos Móveis em Flash: Criando para Android  e iPhone - Richard Wagner;https://www.casasbahia.com.br/Desenvolvimento-Profissional-de-Aplicativos-Moveis-em-Flash-Criando-para-Android-e-iPhone-Richard-Wagner/p/1682524;110.00
431;MP3 Player MVH-S118UI Pioneer Mixtrax, Android, Iphone, Usb, Controle;https://www.casasbahia.com.br/mp3-player-mvh-s118ui-pioneer-mixtrax-android-iphone-usb-controle/p/14574548;488.67
432;Fone De Ouvido Tipo Earphone Com Plugs Isolantes De Ruído Em Gel Para Ipod, Iphone E Mp3;https://www.casasbahia.com.br/fone-de-ouvido-tipo-earphone-com-plugs-isolantes-de-ruido-em-gel-para-ipod-iphone-e-mp3/p/15390690;29.90
433;Capa Dinamic E Pelicula Coverage Para Iphone13Promax-Gshield;https://www.casasbahia.com.br/capa-dinamic-e-pelicula-coverage-para-iphone13promax-gshield/p/1560218456;149.97
434;Capa Magsafe E Pelicula Coverage Para Iphone12Promax-Gshield;https://www.casasbahia.com.br/capa-magsafe-e-pelicula-coverage-para-iphone12promax-gshield/p/1566739855;149.97
435;Capa Dinamic E Pelicula Coverage Para Iphone12Promax-Gshield;https://www.casasbahia.com.br/capa-dinamic-e-pelicula-coverage-para-iphone12promax-gshield/p/1560218455;149.97
436;Capa Magsafe Preta E Pelicula Coverage Para Iphone11-Gshield;https://www.casasbahia.com.br/capa-magsafe-preta-e-pelicula-coverage-para-iphone11-gshield/p/1565722170;179.97
